Laptops,Laptops
LG Touchscreen Laptop,Laptops
Acer Aspire,Laptops
HP Laptop,Laptops
ASUS Chromebook,Laptops
Apple Macbook Pro,Laptops
Apple MacBook Air,Laptops
Dell Laptop,Laptops
Eluktronics Pro Gaming Laptop,Laptops
"Alienware AW17R4-7345SLV-PUS 17"" Laptop",Laptops
HP Notebook Touchscreen Laptop PC,Laptops
Desktop,Desktop
Lenovo Desktop Computer,Desktop
iMac,Desktop
HP Desktop,Desktop
ASUS Desktop,Desktop
Dell Desktop,Desktop
Intel Desktop,Desktop
Acer Desktop,Desktop
CYBERPOWER Gamer Desktop,Desktop
Dell 2 Desktop,Desktop
Monitors,Monitors
Acer Monitor,Monitors
LG Monitor,Monitors
ASUS Monitor,Monitors
ASUS 2 Monitor,Monitors
Dell Monitor,Monitors
Samsung Monitor,Monitors
Sceptre Monitor,Monitors
ViewSonic Monitor,Monitors
AOC Monitor,Monitors
HP Monitor,Monitors
ComputerMice,ComputerMice
3-Button Mouse,ComputerMice
Logitech Wireless Mouse,ComputerMice
Microsoft Basic Optical Mouse,ComputerMice
Logitech 3-button Mouse,ComputerMice
Redragon Gaming Mouse,ComputerMice
HP Wireless Mouse,ComputerMice
Generic Black 3-Button,ComputerMice
Wireless Portable Mouse,ComputerMice
Gaming Mouse Professional,ComputerMice
Slim Wireless Mouse,ComputerMice
Keyboard,Keyboard
HP USB Keyboard,Keyboard
Logitech Wireless Keyboard,Keyboard
Rii LED Keyboard,Keyboard
Logitech Keyboard,Keyboard
Backlit LED Gaming Keyboard,Keyboard
Dell Wired Keyboard,Keyboard
Apple Wired Keyboard,Keyboard
Apple Wireless Keyboard,Keyboard
Apple Magic Keyboard,Keyboard
MouseKeyboardCombo,MouseKeyboardCombo
Logitech MK550 Wireless Wave Keyboard and Mouse Combo,MouseKeyboardCombo
Logitech Desktop MK120 Mouse and keyboard Combo,MouseKeyboardCombo
Logitech MK270 Wireless Keyboard and Mouse Combo,MouseKeyboardCombo
Dell KM117 Wireless Keyboard & Mouse,MouseKeyboardCombo
EagleTec Wireless Combo Keyboard and Mouse,MouseKeyboardCombo
Microsoft Wireless Comfort Keyboard and Mouse,MouseKeyboardCombo
Microsoft Wireless Desktop Keyboard and Mouse,MouseKeyboardCombo
Rii LED Gaming Keyboard & Mouse Combo,MouseKeyboardCombo
Logitech MK360 Wireless Keyboard and Mouse Combo,MouseKeyboardCombo
ComputerHeadphones,ComputerHeadphones
Zombie Gaming Headset,ComputerHeadphones
Logitech ClearChat Headset,ComputerHeadphones
Panasonic On-Ear Stereo Headphones RP-HT21,ComputerHeadphones
PC Gaming Headset,ComputerHeadphones
Kensington Headphones,ComputerHeadphones
Logitech Stereo Headset,ComputerHeadphones
Koss Home Headphones,ComputerHeadphones
Microsoft Headset,ComputerHeadphones
Ailihen Stereo Headphones,ComputerHeadphones
XIBERIA Gaming Headset,ComputerHeadphones
Active Headphones,ComputerHeadphones
Apple Earpods,ComputerHeadphones
Monster Beats By Dr Dre,ComputerHeadphones
Otium Wireless Sports Bluetooth Headphones,ComputerHeadphones
Panasonic In-Ear Headphone,ComputerHeadphones
APIE Bluetooth Headphones,ComputerHeadphones
Philips Flexible Earhook Headphones,ComputerHeadphones
ComputerCords,ComputerCords
HDMI Cable 6ft,ComputerCords
Ethernet Cable,ComputerCords
Etekcity Power Extension Cord Cable,ComputerCords
Audio Cable,ComputerCords
VGA Monitor Cable,ComputerCords
iPhone Charger Cable,ComputerCords
HDMI Adapter,ComputerCords
USB Cable,ComputerCords
Samsung Charging Cable,ComputerCords
Accessories,Accessories
Microsoft Office Home and Student 2016,Accessories
Computer Game,Accessories
Belkin Mouse Pad,Accessories
Large Mouse Pad,Accessories
Speakers,Speakers
Cambridge Bluetooth Speaker,Speakers
JBL Splashproof Portable Bluetooth Speaker,Speakers
DOSS Touch Wireless Bluetooth,Speakers
Logitech Multimedia Speakers,Speakers
Rokono Mini Speaker,Speakers
Cyber Acoustics,Speakers
Bose Companion Speakers,Speakers
Mackie CR Speakers,Speakers
Sonos,Speakers
Printers,Printers
Epson Printer,Printers
HP Wireless Printer,Printers
Canon Office Printer,Printers
Brother Printer,Printers
DYMO Label Manker,Printers
PrinterInk,PrinterInk
Epson Black Ink,PrinterInk
HP Black & Tri-color Ink,PrinterInk
Canon Ink,PrinterInk
Brother Printer Toner,PrinterInk
DYMO Labeling Tape,PrinterInk
ComputerStands,ComputerStands
Halter Acrylic Monitor Stand,ComputerStands
Height-Adjustable Standing Desk,ComputerStands
Multi Media Stand,ComputerStands
Halter Mesh Metal Monitor Stand,ComputerStands
Full Motion Monitor Mount,ComputerStands
ComputerTables,ComputerTables
iPad,ComputerTables
iPad Pro,ComputerTables
Fire HD Tablet,ComputerTables
Samsung Galaxy Tab,ComputerTables
Kindle,ComputerTables
ExternalHardrives,ExternalHardrives
1TB Portable External Hard Drive,ExternalHardrives
2TB Portable External Hard Drive,ExternalHardrives
5TB Desktop Hard Drive,ExternalHardrives
Slim 2TB Portable External Hard Drive,ExternalHardrives
3TB Portable External Hard Drive,ExternalHardrives
SmartHomeDevices,SmartHomeDevices
Apple TV,SmartHomeDevices
Google Home,SmartHomeDevices
Smart Light Bulb,SmartHomeDevices
Fire TV Stick,SmartHomeDevices
Roku Express,SmartHomeDevices